view_no,theta,phi
0,3.004223969871979,5.154272313647295
1,2.411137579798786,1.0037492478088015
2,2.651986051447269,1.452463498315975
3,1.6740905110790814,2.1010471655710545
4,0.4411693622147307,2.070907128979975
5,1.4561053606125869,2.937022448873357
6,1.0648015877936687,1.9546383897679933
7,0.5600416117207099,2.0625385896381587
8,1.7915893130073128,1.759162452583949
9,1.2168777013491998,0.28602304706205894
